fecha_mes,real,prediccion,tipo_periodo,pred_prophet
2021-01-01,75335,88777.498224023,Historico + prediccion,81094.5040877699
2021-02-01,100919,105740.55898080237,Historico + prediccion,109000.43711495289
2021-03-01,140588,125748.22551772949,Historico + prediccion,135842.9953426752
2021-04-01,129073,122248.36214864848,Historico + prediccion,129327.74436354409
2021-05-01,148589,143817.17318504793,Historico + prediccion,142778.39560592436
2021-06-01,153744,154171.55078424283,Historico + prediccion,147292.03459536104
2021-07-01,138044,133390.62665815235,Historico + prediccion,129249.23949718627
2021-08-01,85084,87927.55168874815,Historico + prediccion,85210.34550040991
2021-09-01,106942,110827.58236408744,Historico + prediccion,107285.87879878169
2021-10-01,107225,124682.73889408453,Historico + prediccion,117613.39848162187
2021-11-01,115177,112274.25479334134,Historico + prediccion,115407.17791966733
2021-12-01,133053,121461.32666012556,Historico + prediccion,126763.90032152453
2022-01-01,80320,90309.0885784218,Historico + prediccion,83241.08833996483
2022-02-01,105956,108808.88331705968,Historico + prediccion,104177.33300008341
2022-03-01,109184,127186.94096703824,Historico + prediccion,128331.77655748728
2022-04-01,113859,112791.52677628366,Historico + prediccion,114991.79478719771
2022-05-01,139537,130807.42347952884,Historico + prediccion,138426.6458673405
2022-06-01,143875,144368.9804502258,Historico + prediccion,146868.26945213685
2022-07-01,123719,123441.55086732228,Historico + prediccion,128434.07642819204
2022-08-01,92219,76748.04481271666,Historico + prediccion,90243.19709404014
2022-09-01,114542,106243.69773487432,Historico + prediccion,108927.63669334969
2022-10-01,114043,126241.7791946386,Historico + prediccion,122311.78532475593
2022-11-01,122290,114887.08962220384,Historico + prediccion,121881.53124138797
2022-12-01,119245,123629.41111806172,Historico + prediccion,124315.44634221595
2023-01-01,107492,89360.98853033516,Historico + prediccion,98691.4817042571
2023-02-01,118990,116347.40353666796,Historico + prediccion,116943.36046348845
2023-03-01,156308,139440.6460705227,Historico + prediccion,140603.67083369082
2023-04-01,120570,135604.35624214468,Historico + prediccion,116396.94406765437
2023-05-01,150534,148793.8129810515,Historico + prediccion,151662.5061992917
2023-06-01,162333,157792.27968335283,Historico + prediccion,162930.45385365537
2023-07-01,138417,139919.87434437955,Historico + prediccion,140020.55714908155
2023-08-01,99790,91811.20495450684,Historico + prediccion,103062.74645560593
2023-09-01,112725,118214.6034948494,Historico + prediccion,117726.1536537269
2023-10-01,141045,135430.63332169366,Historico + prediccion,133520.05273742476
2023-11-01,134202,127943.58018705242,Historico + prediccion,133311.50756330683
2023-12-01,127658,138326.86531555012,Historico + prediccion,123589.17954858005
2024-01-01,117036,99937.85498961167,Historico + prediccion,117270.67896874432
2024-02-01,134018,126900.90116518512,Historico + prediccion,129991.26632004809
2024-03-01,148796,152256.6277002338,Historico + prediccion,151164.22881830213
2024-04-01,154004,142081.58529899816,Historico + prediccion,156482.2709466962
2024-05-01,158789,164039.17846544567,Historico + prediccion,163550.69087185853
2024-06-01,166021,170966.26406321366,Historico + prediccion,168299.12465407146
2024-07-01,150215,149058.7442073337,Historico + prediccion,152061.02777553682
2024-08-01,97890,101369.89633660018,Historico + prediccion,96303.90096188406
2024-09-01,130367,124312.35502837642,Historico + prediccion,130103.09609778252
2024-10-01,151548,145149.95456830825,Historico + prediccion,142853.15196378322
2024-11-01,140976,138075.89244446234,Historico + prediccion,141868.94669439676
2024-12-01,166690,148382.9136015199,Historico + prediccion,171056.41348369434
2025-01-01,125425,119093.90918558987,Historico + prediccion,95550.88974004707
2025-02-01,147085,143460.2530662035,Historico + prediccion,130003.90535555655
2025-03-01,179345,167766.9618919771,Historico + prediccion,163808.9466490621
2025-04-01,162550,162204.06620259117,Historico + prediccion,157860.9166238094
2025-05-01,185750,181208.84921184,Historico + prediccion,176342.48066702022
2025-06-01,194021,191131.1759287117,Historico + prediccion,184143.06700594703
2025-07-01,179039,171969.07869773768,Historico + prediccion,163499.15519510047
2025-08-01,113138,126358.27422084915,Historico + prediccion,109109.39107207046
2025-09-01,154363,145797.88242516617,Historico + prediccion,139057.86466005066
2025-10-01,176870,165711.3663371559,Historico + prediccion,154249.50475324455
2025-11-01,160698,162155.65557727098,Historico + prediccion,153209.57157467547
2025-12-01,166146,170002.37690917423,Historico + prediccion,170280.6974604004
2026-01-01,129236,132607.01688482307,Historico + prediccion,113187.19101309728
2026-02-01,160279,154798.34539650392,Historico + prediccion,143387.18164810663
2026-03-01,208560,177222.80468687692,Historico + prediccion,176290.77400329974
2026-04-01,NA,168189.97326304522,Prediccion,157631.26380461422
2026-05-01,NA,186595.2580110518,Prediccion,189359.27396709213
2026-06-01,NA,195286.55820827495,Prediccion,200476.9330145744
2026-07-01,NA,174452.66483351425,Prediccion,174955.70366716562
2026-08-01,NA,127471.0121228476,Prediccion,122674.55293154353
2026-09-01,NA,150668.49670360135,Prediccion,147768.62787932644
2026-10-01,NA,167253.0165332344,Prediccion,165598.61134023283
2026-11-01,NA,160259.90646611675,Prediccion,164684.72294508485
2026-12-01,NA,168807.24206207806,Prediccion,167651.11409202014
2027-01-01,NA,132607.01688482307,Prediccion,132834.24520083034
2027-02-01,NA,154798.34539650386,Prediccion,157096.26213469155
2027-03-01,NA,177222.8046868769,Prediccion,188555.33523130039
2027-04-01,NA,168189.97326304525,Prediccion,155799.26653030203
2027-05-01,NA,186595.25801105177,Prediccion,202644.91463182503
2027-06-01,NA,195286.55820827495,Prediccion,217312.34773894862
2027-07-01,NA,174452.66483351437,Prediccion,186437.2546085644
2027-08-01,NA,127471.0121228476,Prediccion,136989.0677595202
2027-09-01,NA,150668.49670360133,Prediccion,156210.3098374252
2027-10-01,NA,167253.0165332344,Prediccion,176875.8308583347
2027-11-01,NA,160259.90646611678,Prediccion,176303.35926181448
2027-12-01,NA,168807.24206207806,Prediccion,163183.46774558516
